"STATION","NAME","DATE","PRCP","PSUN","SNOW","SNWD","TAVG","TMAX","TMIN","TSUN"
"USW00003928","WICHITA DWIGHT D. EISENHOWER NATIONAL AIRPORT, KS US","2020-01-01","0.00",,"0.0","0.0","38","56","26",
"USW00003928","WICHITA DWIGHT D. EISENHOWER NATIONAL AIRPORT, KS US","2020-01-02","0.00",,"0.0","0.0","41","54","30",
"USW00003928","WICHITA DWIGHT D. EISENHOWER NATIONAL AIRPORT, KS US","2020-01-03","0.00",,"0.0","0.0","41","52","29",
"USW00003928","WICHITA DWIGHT D. EISENHOWER NATIONAL AIRPORT, KS US","2020-01-04","0.01",,"0.0","0.0","37","48","22",
"USW00003928","WICHITA DWIGHT D. EISENHOWER NATIONAL AIRPORT, KS US","2020-01-05","0.00",,"0.0","0.0","41","55","27",
"USW00003928","WICHITA DWIGHT D. EISENHOWER NATIONAL AIRPORT, KS US","2020-01-06","0.00",,"0.0","0.0","38","53","25",
"USW00003928","WICHITA DWIGHT D. EISENHOWER NATIONAL AIRPORT, KS US","2020-01-07","0.00",,"0.0","0.0","38","57","24",
"USW00003928","WICHITA DWIGHT D. EISENHOWER NATIONAL AIRPORT, KS US","2020-01-08","0.00",,"0.0","0.0","40","60","25",
"USW00003928","WICHITA DWIGHT D. EISENHOWER NATIONAL AIRPORT, KS US","2020-01-09","0.00",,"0.0","0.0","53","61","43",
"USW00003928","WICHITA DWIGHT D. EISENHOWER NATIONAL AIRPORT, KS US","2020-01-10","1.02",,"0.0","0.0","42","48","22",
"USW00003928","WICHITA DWIGHT D. EISENHOWER NATIONAL AIRPORT, KS US","2020-01-11","0.01",,"0.6","0.0","23","32","16",
"USW00003928","WICHITA DWIGHT D. EISENHOWER NATIONAL AIRPORT, KS US","2020-01-12","0.00",,"0.0","0.0","27","41","20",
"USW00003928","WICHITA DWIGHT D. EISENHOWER NATIONAL AIRPORT, KS US","2020-01-13","0.00",,"0.0","0.0","34","48","25",
"USW00003928","WICHITA DWIGHT D. EISENHOWER NATIONAL AIRPORT, KS US","2020-01-14","0.00",,"0.0","0.0","49","59","44",
"USW00003928","WICHITA DWIGHT D. EISENHOWER NATIONAL AIRPORT, KS US","2020-01-15","0.00",,"0.0","0.0","47","51","25",
"USW00003928","WICHITA DWIGHT D. EISENHOWER NATIONAL AIRPORT, KS US","2020-01-16","0.00",,"0.0","0.0","25","30","17",
"USW00003928","WICHITA DWIGHT D. EISENHOWER NATIONAL AIRPORT, KS US","2020-01-17","0.44",,"0.0","0.0","33","46","30",
"USW00003928","WICHITA DWIGHT D. EISENHOWER NATIONAL AIRPORT, KS US","2020-01-18","0.00",,"0.0","0.0","40","45","25",
"USW00003928","WICHITA DWIGHT D. EISENHOWER NATIONAL AIRPORT, KS US","2020-01-19","0.00",,"0.0","0.0","30","38","22",
"USW00003928","WICHITA DWIGHT D. EISENHOWER NATIONAL AIRPORT, KS US","2020-01-20","0.00",,"0.0","0.0","25","37","17",
"USW00003928","WICHITA DWIGHT D. EISENHOWER NATIONAL AIRPORT, KS US","2020-01-21","0.02",,"0.0","0.0","24","38","15",
"USW00003928","WICHITA DWIGHT D. EISENHOWER NATIONAL AIRPORT, KS US","2020-01-22","0.43",,"0.7","1.2","35","37","33",
"USW00003928","WICHITA DWIGHT D. EISENHOWER NATIONAL AIRPORT, KS US","2020-01-23","0.16",,"0.0","0.0","39","48","33",
"USW00003928","WICHITA DWIGHT D. EISENHOWER NATIONAL AIRPORT, KS US","2020-01-24","0.00",,"0.0","0.0","34","38","25",
"USW00003928","WICHITA DWIGHT D. EISENHOWER NATIONAL AIRPORT, KS US","2020-01-25","0.00",,"0.0","0.0","34","49","26",
"USW00003928","WICHITA DWIGHT D. EISENHOWER NATIONAL AIRPORT, KS US","2020-01-26","0.00",,"0.0","0.0","41","58","27",
"USW00003928","WICHITA DWIGHT D. EISENHOWER NATIONAL AIRPORT, KS US","2020-01-27","0.00",,"0.0","0.0","41","53","28",
"USW00003928","WICHITA DWIGHT D. EISENHOWER NATIONAL AIRPORT, KS US","2020-01-28","0.27","    0","1.2","0.0","35","35","32","    0"
"USW00003928","WICHITA DWIGHT D. EISENHOWER NATIONAL AIRPORT, KS US","2020-01-29","0.01",,"0.2","1.2","33","40","26",
"USW00003928","WICHITA DWIGHT D. EISENHOWER NATIONAL AIRPORT, KS US","2020-01-30","0.00",,"0.0","0.0","30","38","22",
"USW00003928","WICHITA DWIGHT D. EISENHOWER NATIONAL AIRPORT, KS US","2020-01-31","0.00",,"0.0","0.0","36","50","26",
"USW00003928","WICHITA DWIGHT D. EISENHOWER NATIONAL AIRPORT, KS US","2020-02-01","0.00",,"0.0","0.0","38","62","23",
"USW00003928","WICHITA DWIGHT D. EISENHOWER NATIONAL AIRPORT, KS US","2020-02-02","0.00",,"0.0","0.0","50","76","32",
"USW00003928","WICHITA DWIGHT D. EISENHOWER NATIONAL AIRPORT, KS US","2020-02-03","0.00",,"0.0","0.0","49","55","34",
"USW00003928","WICHITA DWIGHT D. EISENHOWER NATIONAL AIRPORT, KS US","2020-02-04","0.00",,"0.0","0.0","32","34","28",
"USW00003928","WICHITA DWIGHT D. EISENHOWER NATIONAL AIRPORT, KS US","2020-02-05","0.00",,"0.0","0.0","29","31","26",
"USW00003928","WICHITA DWIGHT D. EISENHOWER NATIONAL AIRPORT, KS US","2020-02-06","0.00",,"0.0","0.0","29","41","15",
"USW00003928","WICHITA DWIGHT D. EISENHOWER NATIONAL AIRPORT, KS US","2020-02-07","0.01",,"0.0","0.0","35","49","25",
"USW00003928","WICHITA DWIGHT D. EISENHOWER NATIONAL AIRPORT, KS US","2020-02-08","0.00",,"0.0","0.0","36","53","23",
"USW00003928","WICHITA DWIGHT D. EISENHOWER NATIONAL AIRPORT, KS US","2020-02-09","0.00",,"0.0","0.0","47","54","31",
"USW00003928","WICHITA DWIGHT D. EISENHOWER NATIONAL AIRPORT, KS US","2020-02-10","0.00",,"0.0","0.0","35","45","28",
"USW00003928","WICHITA DWIGHT D. EISENHOWER NATIONAL AIRPORT, KS US","2020-02-11","0.00",,"0.0","0.0","39","45","32",
"USW00003928","WICHITA DWIGHT D. EISENHOWER NATIONAL AIRPORT, KS US","2020-02-12","0.37",,"2.1","0.0","34","36","23",
"USW00003928","WICHITA DWIGHT D. EISENHOWER NATIONAL AIRPORT, KS US","2020-02-13","0.00",,"0.0","1.2","19","23","9",
"USW00003928","WICHITA DWIGHT D. EISENHOWER NATIONAL AIRPORT, KS US","2020-02-14","0.00",,"0.0","0.0","17","35","10",
"USW00003928","WICHITA DWIGHT D. EISENHOWER NATIONAL AIRPORT, KS US","2020-02-15","0.00",,"0.0","0.0","37","49","31",
"USW00003928","WICHITA DWIGHT D. EISENHOWER NATIONAL AIRPORT, KS US","2020-02-16","0.00",,"0.0","0.0","40","55","27",
"USW00003928","WICHITA DWIGHT D. EISENHOWER NATIONAL AIRPORT, KS US","2020-02-17","0.00",,"0.0","0.0","50","67","39",
"USW00003928","WICHITA DWIGHT D. EISENHOWER NATIONAL AIRPORT, KS US","2020-02-18","0.00",,"0.0","0.0","42","48","32",
"USW00003928","WICHITA DWIGHT D. EISENHOWER NATIONAL AIRPORT, KS US","2020-02-19","0.00",,"0.0","0.0","36","43","29",
"USW00003928","WICHITA DWIGHT D. EISENHOWER NATIONAL AIRPORT, KS US","2020-02-20","0.08",,"1.3","1.2","30","32","18",
"USW00003928","WICHITA DWIGHT D. EISENHOWER NATIONAL AIRPORT, KS US","2020-02-21","0.00",,"0.0","0.0","26","47","12",
"USW00003928","WICHITA DWIGHT D. EISENHOWER NATIONAL AIRPORT, KS US","2020-02-22","0.00",,"0.0","0.0","40","58","31",
"USW00003928","WICHITA DWIGHT D. EISENHOWER NATIONAL AIRPORT, KS US","2020-02-23","0.96",,"0.0","0.0","47","48","45",
"USW00003928","WICHITA DWIGHT D. EISENHOWER NATIONAL AIRPORT, KS US","2020-02-24","0.45",,"0.0","0.0","46","50","34",
"USW00003928","WICHITA DWIGHT D. EISENHOWER NATIONAL AIRPORT, KS US","2020-02-25","0.07",,"0.1","0.0","39","41","33",
"USW00003928","WICHITA DWIGHT D. EISENHOWER NATIONAL AIRPORT, KS US","2020-02-26","0.00",,"0.0","0.0","33","40","23",
"USW00003928","WICHITA DWIGHT D. EISENHOWER NATIONAL AIRPORT, KS US","2020-02-27","0.00",,"0.0","0.0","35","53","22",
"USW00003928","WICHITA DWIGHT D. EISENHOWER NATIONAL AIRPORT, KS US","2020-02-28","0.00",,"0.0","0.0","42","63","26",
"USW00003928","WICHITA DWIGHT D. EISENHOWER NATIONAL AIRPORT, KS US","2020-02-29","0.00",,"0.0","0.0","47","70","27",
"USW00003928","WICHITA DWIGHT D. EISENHOWER NATIONAL AIRPORT, KS US","2020-03-01","0.00",,"0.0","0.0","57","68","48",
"USW00003928","WICHITA DWIGHT D. EISENHOWER NATIONAL AIRPORT, KS US","2020-03-02","0.00",,"0.0","0.0","48","58","36",
"USW00003928","WICHITA DWIGHT D. EISENHOWER NATIONAL AIRPORT, KS US","2020-03-03","0.00",,"0.0","0.0","45","64","31",
"USW00003928","WICHITA DWIGHT D. EISENHOWER NATIONAL AIRPORT, KS US","2020-03-04","0.00",,"0.0","0.0","50","61","36",
"USW00003928","WICHITA DWIGHT D. EISENHOWER NATIONAL AIRPORT, KS US","2020-03-05","0.00",,"0.0","0.0","48","62","30",
"USW00003928","WICHITA DWIGHT D. EISENHOWER NATIONAL AIRPORT, KS US","2020-03-06","0.00",,"0.0","0.0","44","61","28",
"USW00003928","WICHITA DWIGHT D. EISENHOWER NATIONAL AIRPORT, KS US","2020-03-07","0.00",,"0.0","0.0","51","69","36",
"USW00003928","WICHITA DWIGHT D. EISENHOWER NATIONAL AIRPORT, KS US","2020-03-08","0.35",,"0.0","0.0","54","66","45",
"USW00003928","WICHITA DWIGHT D. EISENHOWER NATIONAL AIRPORT, KS US","2020-03-09","0.15",,"0.0","0.0","52","63","38",
"USW00003928","WICHITA DWIGHT D. EISENHOWER NATIONAL AIRPORT, KS US","2020-03-10","0.00",,"0.0","0.0","41","59","35",
"USW00003928","WICHITA DWIGHT D. EISENHOWER NATIONAL AIRPORT, KS US","2020-03-11","0.00",,"0.0","0.0","57","71","48",
"USW00003928","WICHITA DWIGHT D. EISENHOWER NATIONAL AIRPORT, KS US","2020-03-12","0.00",,"0.0","0.0","60","68","48",
"USW00003928","WICHITA DWIGHT D. EISENHOWER NATIONAL AIRPORT, KS US","2020-03-13","0.09",,"0.0","0.0","47","49","38",
"USW00003928","WICHITA DWIGHT D. EISENHOWER NATIONAL AIRPORT, KS US","2020-03-14","0.30",,"0.0","0.0","40","43","37",
"USW00003928","WICHITA DWIGHT D. EISENHOWER NATIONAL AIRPORT, KS US","2020-03-15","0.06",,"0.0","0.0","39","42","36",
"USW00003928","WICHITA DWIGHT D. EISENHOWER NATIONAL AIRPORT, KS US","2020-03-16","0.04",,"0.0","0.0","42","49","40",
"USW00003928","WICHITA DWIGHT D. EISENHOWER NATIONAL AIRPORT, KS US","2020-03-17","0.01",,"0.0","0.0","46","53","42",
"USW00003928","WICHITA DWIGHT D. EISENHOWER NATIONAL AIRPORT, KS US","2020-03-18","0.03",,"0.0","0.0","54","67","51",
"USW00003928","WICHITA DWIGHT D. EISENHOWER NATIONAL AIRPORT, KS US","2020-03-19","0.40",,"0.0","0.0","65","76","48",
"USW00003928","WICHITA DWIGHT D. EISENHOWER NATIONAL AIRPORT, KS US","2020-03-20","0.00","    0","0.0","0.0","44","48","29","    0"
"USW00003928","WICHITA DWIGHT D. EISENHOWER NATIONAL AIRPORT, KS US","2020-03-21","0.05",,"0.0","0.0","36","51","26",
"USW00003928","WICHITA DWIGHT D. EISENHOWER NATIONAL AIRPORT, KS US","2020-03-22","0.16",,"0.0","0.0","44","50","40",
"USW00003928","WICHITA DWIGHT D. EISENHOWER NATIONAL AIRPORT, KS US","2020-03-23","0.00",,"0.0","0.0","47","59","37",
"USW00003928","WICHITA DWIGHT D. EISENHOWER NATIONAL AIRPORT, KS US","2020-03-24","0.75",,"0.0","0.0","54","58","43",
"USW00003928","WICHITA DWIGHT D. EISENHOWER NATIONAL AIRPORT, KS US","2020-03-25","0.00",,"0.0","0.0","56","78","43",
"USW00003928","WICHITA DWIGHT D. EISENHOWER NATIONAL AIRPORT, KS US","2020-03-26","0.00",,"0.0","0.0","61","74","50",
"USW00003928","WICHITA DWIGHT D. EISENHOWER NATIONAL AIRPORT, KS US","2020-03-27","0.00",,"0.0","0.0","58","66","50",
"USW00003928","WICHITA DWIGHT D. EISENHOWER NATIONAL AIRPORT, KS US","2020-03-28","0.00",,"0.0","0.0","60","65","41",
"USW00003928","WICHITA DWIGHT D. EISENHOWER NATIONAL AIRPORT, KS US","2020-03-29","0.00",,"0.0","0.0","53","71","39",
"USW00003928","WICHITA DWIGHT D. EISENHOWER NATIONAL AIRPORT, KS US","2020-03-30","0.32",,"0.0","0.0","54","66","45",
"USW00003928","WICHITA DWIGHT D. EISENHOWER NATIONAL AIRPORT, KS US","2020-03-31","0.04",,"0.0","0.0","54","66","42",
"USW00003928","WICHITA DWIGHT D. EISENHOWER NATIONAL AIRPORT, KS US","2020-04-01","0.00",,"0.0","0.0","57","73","47",
"USW00003928","WICHITA DWIGHT D. EISENHOWER NATIONAL AIRPORT, KS US","2020-04-02","0.00",,"0.0","0.0","62","69","31",
"USW00003928","WICHITA DWIGHT D. EISENHOWER NATIONAL AIRPORT, KS US","2020-04-03","0.00",,"0.0","0.0","34","48","27",
"USW00003928","WICHITA DWIGHT D. EISENHOWER NATIONAL AIRPORT, KS US","2020-04-04","0.00",,"0.0","0.0","37","47","29",
"USW00003928","WICHITA DWIGHT D. EISENHOWER NATIONAL AIRPORT, KS US","2020-04-05","0.00",,"0.0","0.0","45","63","40",
"USW00003928","WICHITA DWIGHT D. EISENHOWER NATIONAL AIRPORT, KS US","2020-04-06","0.00",,"0.0","0.0","61","74","56",
"USW00003928","WICHITA DWIGHT D. EISENHOWER NATIONAL AIRPORT, KS US","2020-04-07","0.00",,"0.0","0.0","68","83","58",
"USW00003928","WICHITA DWIGHT D. EISENHOWER NATIONAL AIRPORT, KS US","2020-04-08","0.00",,"0.0","0.0","69","88","50",
"USW00003928","WICHITA DWIGHT D. EISENHOWER NATIONAL AIRPORT, KS US","2020-04-09","0.00",,"0.0","0.0","59","65","45",
"USW00003928","WICHITA DWIGHT D. EISENHOWER NATIONAL AIRPORT, KS US","2020-04-10","0.00",,"0.0","0.0","49","64","33",
"USW00003928","WICHITA DWIGHT D. EISENHOWER NATIONAL AIRPORT, KS US","2020-04-11","0.00",,"0.0","0.0","62","83","47",
"USW00003928","WICHITA DWIGHT D. EISENHOWER NATIONAL AIRPORT, KS US","2020-04-12","0.00",,"0.0","0.0","55","62","33",
"USW00003928","WICHITA DWIGHT D. EISENHOWER NATIONAL AIRPORT, KS US","2020-04-13","0.00",,"0.0","0.0","36","48","28",
"USW00003928","WICHITA DWIGHT D. EISENHOWER NATIONAL AIRPORT, KS US","2020-04-14","0.00",,"0.0","0.0","44","53","35",
"USW00003928","WICHITA DWIGHT D. EISENHOWER NATIONAL AIRPORT, KS US","2020-04-15","0.00",,"0.0","0.0","45","63","27",
"USW00003928","WICHITA DWIGHT D. EISENHOWER NATIONAL AIRPORT, KS US","2020-04-16","0.42",,"0.0","0.0","55","74","36",
"USW00003928","WICHITA DWIGHT D. EISENHOWER NATIONAL AIRPORT, KS US","2020-04-17","0.17",,"0.0","0.0","43","50","34",
"USW00003928","WICHITA DWIGHT D. EISENHOWER NATIONAL AIRPORT, KS US","2020-04-18","0.00",,"0.0","0.0","46","66","31",
"USW00003928","WICHITA DWIGHT D. EISENHOWER NATIONAL AIRPORT, KS US","2020-04-19","0.27",,"0.0","0.0","60","73","38",
"USW00003928","WICHITA DWIGHT D. EISENHOWER NATIONAL AIRPORT, KS US","2020-04-20","0.00",,"0.0","0.0","62","76","45",
"USW00003928","WICHITA DWIGHT D. EISENHOWER NATIONAL AIRPORT, KS US","2020-04-21","0.00",,"0.0","0.0","63","78","48",
"USW00003928","WICHITA DWIGHT D. EISENHOWER NATIONAL AIRPORT, KS US","2020-04-22","1.59",,"0.0","0.0","60","64","52",
"USW00003928","WICHITA DWIGHT D. EISENHOWER NATIONAL AIRPORT, KS US","2020-04-23","0.28",,"0.0","0.0","63","81","49",
"USW00003928","WICHITA DWIGHT D. EISENHOWER NATIONAL AIRPORT, KS US","2020-04-24","0.30",,"0.0","0.0","60","64","53",
"USW00003928","WICHITA DWIGHT D. EISENHOWER NATIONAL AIRPORT, KS US","2020-04-25","0.00",,"0.0","0.0","58","72","48",
"USW00003928","WICHITA DWIGHT D. EISENHOWER NATIONAL AIRPORT, KS US","2020-04-26","0.00",,"0.0","0.0","60","75","42",
"USW00003928","WICHITA DWIGHT D. EISENHOWER NATIONAL AIRPORT, KS US","2020-04-27","0.00",,"0.0","0.0","67","79","59",
"USW00003928","WICHITA DWIGHT D. EISENHOWER NATIONAL AIRPORT, KS US","2020-04-28","0.00","    0","0.0","0.0","67","80","53","    0"
"USW00003928","WICHITA DWIGHT D. EISENHOWER NATIONAL AIRPORT, KS US","2020-04-29","0.00",,"0.0","0.0","62","72","48",
"USW00003928","WICHITA DWIGHT D. EISENHOWER NATIONAL AIRPORT, KS US","2020-04-30","0.00",,"0.0","0.0","61","78","42",
"USW00003928","WICHITA DWIGHT D. EISENHOWER NATIONAL AIRPORT, KS US","2020-05-01","0.00",,"0.0","0.0","71","87","60",
"USW00003928","WICHITA DWIGHT D. EISENHOWER NATIONAL AIRPORT, KS US","2020-05-02","0.00",,"0.0","0.0","74","87","60",
"USW00003928","WICHITA DWIGHT D. EISENHOWER NATIONAL AIRPORT, KS US","2020-05-03","0.09",,"0.0","0.0","71","78","56",
"USW00003928","WICHITA DWIGHT D. EISENHOWER NATIONAL AIRPORT, KS US","2020-05-04","0.00",,"0.0","0.0","67","74","58",
"USW00003928","WICHITA DWIGHT D. EISENHOWER NATIONAL AIRPORT, KS US","2020-05-05","0.00",,"0.0","0.0","64","76","51",
"USW00003928","WICHITA DWIGHT D. EISENHOWER NATIONAL AIRPORT, KS US","2020-05-06","0.00",,"0.0","0.0","63","72","45",
"USW00003928","WICHITA DWIGHT D. EISENHOWER NATIONAL AIRPORT, KS US","2020-05-07","0.26",,"0.0","0.0","57","62","49",
"USW00003928","WICHITA DWIGHT D. EISENHOWER NATIONAL AIRPORT, KS US","2020-05-08","0.02",,"0.0","0.0","56","63","41",
"USW00003928","WICHITA DWIGHT D. EISENHOWER NATIONAL AIRPORT, KS US","2020-05-09","0.00",,"0.0","0.0","53","68","38",
"USW00003928","WICHITA DWIGHT D. EISENHOWER NATIONAL AIRPORT, KS US","2020-05-10","0.00",,"0.0","0.0","54","63","43",
"USW00003928","WICHITA DWIGHT D. EISENHOWER NATIONAL AIRPORT, KS US","2020-05-11","1.73",,"0.0","0.0","47","50","41",
"USW00003928","WICHITA DWIGHT D. EISENHOWER NATIONAL AIRPORT, KS US","2020-05-12","0.21",,"0.0","0.0","44","50","41",
"USW00003928","WICHITA DWIGHT D. EISENHOWER NATIONAL AIRPORT, KS US","2020-05-13","0.14",,"0.0","0.0","53","70","49",
"USW00003928","WICHITA DWIGHT D. EISENHOWER NATIONAL AIRPORT, KS US","2020-05-14","0.06",,"0.0","0.0","72","84","62",
"USW00003928","WICHITA DWIGHT D. EISENHOWER NATIONAL AIRPORT, KS US","2020-05-15","0.12",,"0.0","0.0","72","78","63",
"USW00003928","WICHITA DWIGHT D. EISENHOWER NATIONAL AIRPORT, KS US","2020-05-16","0.00",,"0.0","0.0","67","75","59",
"USW00003928","WICHITA DWIGHT D. EISENHOWER NATIONAL AIRPORT, KS US","2020-05-17","0.00",,"0.0","0.0","66","74","56",
"USW00003928","WICHITA DWIGHT D. EISENHOWER NATIONAL AIRPORT, KS US","2020-05-18","0.00",,"0.0","0.0","63","75","49",
"USW00003928","WICHITA DWIGHT D. EISENHOWER NATIONAL AIRPORT, KS US","2020-05-19","0.00",,"0.0","0.0","63","72","53",
"USW00003928","WICHITA DWIGHT D. EISENHOWER NATIONAL AIRPORT, KS US","2020-05-20","0.00",,"0.0","0.0","63","75","50",
"USW00003928","WICHITA DWIGHT D. EISENHOWER NATIONAL AIRPORT, KS US","2020-05-21","0.13",,"0.0","0.0","66","76","60",
"USW00003928","WICHITA DWIGHT D. EISENHOWER NATIONAL AIRPORT, KS US","2020-05-22","1.23",,"0.0","0.0","68","80","59",
"USW00003928","WICHITA DWIGHT D. EISENHOWER NATIONAL AIRPORT, KS US","2020-05-23","0.00",,"0.0","0.0","70","86","56",
"USW00003928","WICHITA DWIGHT D. EISENHOWER NATIONAL AIRPORT, KS US","2020-05-24","0.00",,"0.0","0.0","76","84","70",
"USW00003928","WICHITA DWIGHT D. EISENHOWER NATIONAL AIRPORT, KS US","2020-05-25","0.20",,"0.0","0.0","70","72","60",
"USW00003928","WICHITA DWIGHT D. EISENHOWER NATIONAL AIRPORT, KS US","2020-05-26","0.07",,"0.0","0.0","63","73","57",
"USW00003928","WICHITA DWIGHT D. EISENHOWER NATIONAL AIRPORT, KS US","2020-05-27","0.00",,"0.0","0.0","66","76","57",
"USW00003928","WICHITA DWIGHT D. EISENHOWER NATIONAL AIRPORT, KS US","2020-05-28","0.10",,"0.0","0.0","71","82","60",
"USW00003928","WICHITA DWIGHT D. EISENHOWER NATIONAL AIRPORT, KS US","2020-05-29","0.00",,"0.0","0.0","71","83","56",
"USW00003928","WICHITA DWIGHT D. EISENHOWER NATIONAL AIRPORT, KS US","2020-05-30","0.00",,"0.0","0.0","72","83","60",
"USW00003928","WICHITA DWIGHT D. EISENHOWER NATIONAL AIRPORT, KS US","2020-05-31","0.00",,"0.0","0.0","74","86","64",
"USW00003928","WICHITA DWIGHT D. EISENHOWER NATIONAL AIRPORT, KS US","2020-06-01","0.00",,"0.0","0.0","75","87","63",
"USW00003928","WICHITA DWIGHT D. EISENHOWER NATIONAL AIRPORT, KS US","2020-06-02","0.00",,"0.0","0.0","77","90","65",
"USW00003928","WICHITA DWIGHT D. EISENHOWER NATIONAL AIRPORT, KS US","2020-06-03","0.00",,"0.0","0.0","81","95","70",
"USW00003928","WICHITA DWIGHT D. EISENHOWER NATIONAL AIRPORT, KS US","2020-06-04","0.00",,"0.0","0.0","83","96","71",
"USW00003928","WICHITA DWIGHT D. EISENHOWER NATIONAL AIRPORT, KS US","2020-06-05","0.00",,"0.0","0.0","83","96","66",
"USW00003928","WICHITA DWIGHT D. EISENHOWER NATIONAL AIRPORT, KS US","2020-06-06","0.00",,"0.0","0.0","86","98","75",
"USW00003928","WICHITA DWIGHT D. EISENHOWER NATIONAL AIRPORT, KS US","2020-06-07","0.00",,"0.0","0.0","85","95","74",
"USW00003928","WICHITA DWIGHT D. EISENHOWER NATIONAL AIRPORT, KS US","2020-06-08","0.00",,"0.0","0.0","83","94","72",
"USW00003928","WICHITA DWIGHT D. EISENHOWER NATIONAL AIRPORT, KS US","2020-06-09","0.01",,"0.0","0.0","81","90","57",
"USW00003928","WICHITA DWIGHT D. EISENHOWER NATIONAL AIRPORT, KS US","2020-06-10","0.00",,"0.0","0.0","67","82","58",
"USW00003928","WICHITA DWIGHT D. EISENHOWER NATIONAL AIRPORT, KS US","2020-06-11","0.00",,"0.0","0.0","73","93","54",
"USW00003928","WICHITA DWIGHT D. EISENHOWER NATIONAL AIRPORT, KS US","2020-06-12","0.00",,"0.0","0.0","80","98","62",
"USW00003928","WICHITA DWIGHT D. EISENHOWER NATIONAL AIRPORT, KS US","2020-06-13","0.00","    0","0.0","0.0","82","97","65","    0"
"USW00003928","WICHITA DWIGHT D. EISENHOWER NATIONAL AIRPORT, KS US","2020-06-14","0.00",,"0.0","0.0","83","97","66",
"USW00003928","WICHITA DWIGHT D. EISENHOWER NATIONAL AIRPORT, KS US","2020-06-15","0.00",,"0.0","0.0","82","94","65",
"USW00003928","WICHITA DWIGHT D. EISENHOWER NATIONAL AIRPORT, KS US","2020-06-16","0.00","    0","0.0","0.0","83","94","69","    0"
"USW00003928","WICHITA DWIGHT D. EISENHOWER NATIONAL AIRPORT, KS US","2020-06-17","0.00",,"0.0","0.0","83","96","71",
"USW00003928","WICHITA DWIGHT D. EISENHOWER NATIONAL AIRPORT, KS US","2020-06-18","0.00",,"0.0","0.0","84","97","73",
"USW00003928","WICHITA DWIGHT D. EISENHOWER NATIONAL AIRPORT, KS US","2020-06-19","1.43",,"0.0","0.0","73","81","66",
"USW00003928","WICHITA DWIGHT D. EISENHOWER NATIONAL AIRPORT, KS US","2020-06-20","0.00",,"0.0","0.0","74","86","65",
"USW00003928","WICHITA DWIGHT D. EISENHOWER NATIONAL AIRPORT, KS US","2020-06-21","0.24",,"0.0","0.0","79","91","65",
"USW00003928","WICHITA DWIGHT D. EISENHOWER NATIONAL AIRPORT, KS US","2020-06-22","0.00",,"0.0","0.0","76","91","65",
"USW00003928","WICHITA DWIGHT D. EISENHOWER NATIONAL AIRPORT, KS US","2020-06-23","0.03",,"0.0","0.0","77","86","66",
"USW00003928","WICHITA DWIGHT D. EISENHOWER NATIONAL AIRPORT, KS US","2020-06-24","0.00",,"0.0","0.0","77","91","62",
"USW00003928","WICHITA DWIGHT D. EISENHOWER NATIONAL AIRPORT, KS US","2020-06-25","0.00",,"0.0","0.0","81","94","68",
"USW00003928","WICHITA DWIGHT D. EISENHOWER NATIONAL AIRPORT, KS US","2020-06-26","0.00",,"0.0","0.0","83","95","71",
"USW00003928","WICHITA DWIGHT D. EISENHOWER NATIONAL AIRPORT, KS US","2020-06-27","0.00",,"0.0","0.0","85","96","75",
"USW00003928","WICHITA DWIGHT D. EISENHOWER NATIONAL AIRPORT, KS US","2020-06-28","0.00",,"0.0","0.0","85","94","76",
"USW00003928","WICHITA DWIGHT D. EISENHOWER NATIONAL AIRPORT, KS US","2020-06-29","0.00",,"0.0","0.0","84","97","76",
"USW00003928","WICHITA DWIGHT D. EISENHOWER NATIONAL AIRPORT, KS US","2020-06-30","0.00",,"0.0","0.0","87","100","77",
"USW00003928","WICHITA DWIGHT D. EISENHOWER NATIONAL AIRPORT, KS US","2020-07-01","0.00",,"0.0","0.0","87","98","74",
"USW00003928","WICHITA DWIGHT D. EISENHOWER NATIONAL AIRPORT, KS US","2020-07-02","0.00",,"0.0","0.0","88","99","77",
"USW00003928","WICHITA DWIGHT D. EISENHOWER NATIONAL AIRPORT, KS US","2020-07-03","0.31",,"0.0","0.0","80","92","69",
"USW00003928","WICHITA DWIGHT D. EISENHOWER NATIONAL AIRPORT, KS US","2020-07-04","0.00",,"0.0","0.0","81","94","69",
"USW00003928","WICHITA DWIGHT D. EISENHOWER NATIONAL AIRPORT, KS US","2020-07-05","0.00",,"0.0","0.0","83","94","70",
"USW00003928","WICHITA DWIGHT D. EISENHOWER NATIONAL AIRPORT, KS US","2020-07-06","0.00",,"0.0","0.0","83","93","75",
"USW00003928","WICHITA DWIGHT D. EISENHOWER NATIONAL AIRPORT, KS US","2020-07-07","0.00",,"0.0","0.0","82","96","71",
"USW00003928","WICHITA DWIGHT D. EISENHOWER NATIONAL AIRPORT, KS US","2020-07-08","0.00",,"0.0","0.0","84","98","72",
"USW00003928","WICHITA DWIGHT D. EISENHOWER NATIONAL AIRPORT, KS US","2020-07-09","0.78",,"0.0","0.0","81","90","66",
"USW00003928","WICHITA DWIGHT D. EISENHOWER NATIONAL AIRPORT, KS US","2020-07-10","1.02",,"0.0","0.0","81","88","70",
"USW00003928","WICHITA DWIGHT D. EISENHOWER NATIONAL AIRPORT, KS US","2020-07-11","0.00",,"0.0","0.0","83","98","73",
"USW00003928","WICHITA DWIGHT D. EISENHOWER NATIONAL AIRPORT, KS US","2020-07-12","0.00",,"0.0","0.0","84","94","72",
"USW00003928","WICHITA DWIGHT D. EISENHOWER NATIONAL AIRPORT, KS US","2020-07-13","0.00",,"0.0","0.0","81","93","72",
"USW00003928","WICHITA DWIGHT D. EISENHOWER NATIONAL AIRPORT, KS US","2020-07-14","0.06",,"0.0","0.0","84","95","71",
"USW00003928","WICHITA DWIGHT D. EISENHOWER NATIONAL AIRPORT, KS US","2020-07-15","0.03",,"0.0","0.0","83","91","73",
"USW00003928","WICHITA DWIGHT D. EISENHOWER NATIONAL AIRPORT, KS US","2020-07-16","0.15",,"0.0","0.0","79","88","72",
"USW00003928","WICHITA DWIGHT D. EISENHOWER NATIONAL AIRPORT, KS US","2020-07-17","0.00",,"0.0","0.0","85","97","77",
"USW00003928","WICHITA DWIGHT D. EISENHOWER NATIONAL AIRPORT, KS US","2020-07-18","0.00",,"0.0","0.0","87","98","75",
"USW00003928","WICHITA DWIGHT D. EISENHOWER NATIONAL AIRPORT, KS US","2020-07-19","0.00",,"0.0","0.0","85","96","72",
"USW00003928","WICHITA DWIGHT D. EISENHOWER NATIONAL AIRPORT, KS US","2020-07-20","0.08",,"0.0","0.0","85","94","73",
"USW00003928","WICHITA DWIGHT D. EISENHOWER NATIONAL AIRPORT, KS US","2020-07-21","1.14",,"0.0","0.0","78","89","71",
"USW00003928","WICHITA DWIGHT D. EISENHOWER NATIONAL AIRPORT, KS US","2020-07-22","0.00",,"0.0","0.0","83","93","72",
"USW00003928","WICHITA DWIGHT D. EISENHOWER NATIONAL AIRPORT, KS US","2020-07-23","0.00",,"0.0","0.0","83","92","73",
"USW00003928","WICHITA DWIGHT D. EISENHOWER NATIONAL AIRPORT, KS US","2020-07-24","0.00",,"0.0","0.0","84","94","75",
"USW00003928","WICHITA DWIGHT D. EISENHOWER NATIONAL AIRPORT, KS US","2020-07-25","0.00",,"0.0","0.0","84","94","74",
"USW00003928","WICHITA DWIGHT D. EISENHOWER NATIONAL AIRPORT, KS US","2020-07-26","0.00",,"0.0","0.0","84","95","73",
"USW00003928","WICHITA DWIGHT D. EISENHOWER NATIONAL AIRPORT, KS US","2020-07-27","0.22",,"0.0","0.0","80","83","73",
"USW00003928","WICHITA DWIGHT D. EISENHOWER NATIONAL AIRPORT, KS US","2020-07-28","0.08",,"0.0","0.0","77","84","73",
"USW00003928","WICHITA DWIGHT D. EISENHOWER NATIONAL AIRPORT, KS US","2020-07-29","0.56",,"0.0","0.0","79","89","70",
"USW00003928","WICHITA DWIGHT D. EISENHOWER NATIONAL AIRPORT, KS US","2020-07-30","0.24",,"0.0","0.0","77","86","69",
"USW00003928","WICHITA DWIGHT D. EISENHOWER NATIONAL AIRPORT, KS US","2020-07-31","0.00",,"0.0","0.0","74","84","66",
"USW00003928","WICHITA DWIGHT D. EISENHOWER NATIONAL AIRPORT, KS US","2020-08-01","0.00",,"0.0","0.0","75","87","64",
"USW00003928","WICHITA DWIGHT D. EISENHOWER NATIONAL AIRPORT, KS US","2020-08-02","0.00",,"0.0","0.0","76","84","68",
"USW00003928","WICHITA DWIGHT D. EISENHOWER NATIONAL AIRPORT, KS US","2020-08-03","0.00",,"0.0","0.0","74","84","61",
"USW00003928","WICHITA DWIGHT D. EISENHOWER NATIONAL AIRPORT, KS US","2020-08-04","0.00",,"0.0","0.0","72","82","61",
"USW00003928","WICHITA DWIGHT D. EISENHOWER NATIONAL AIRPORT, KS US","2020-08-05","0.03",,"0.0","0.0","72","87","63",
"USW00003928","WICHITA DWIGHT D. EISENHOWER NATIONAL AIRPORT, KS US","2020-08-06","0.00",,"0.0","0.0","75","83","68",
"USW00003928","WICHITA DWIGHT D. EISENHOWER NATIONAL AIRPORT, KS US","2020-08-07","0.02",,"0.0","0.0","80","94","73",
"USW00003928","WICHITA DWIGHT D. EISENHOWER NATIONAL AIRPORT, KS US","2020-08-08","0.00",,"0.0","0.0","85","99","75",
"USW00003928","WICHITA DWIGHT D. EISENHOWER NATIONAL AIRPORT, KS US","2020-08-09","0.01",,"0.0","0.0","85","100","76",
"USW00003928","WICHITA DWIGHT D. EISENHOWER NATIONAL AIRPORT, KS US","2020-08-10","0.71",,"0.0","0.0","83","90","71",
"USW00003928","WICHITA DWIGHT D. EISENHOWER NATIONAL AIRPORT, KS US","2020-08-11","0.00",,"0.0","0.0","79","89","70",
"USW00003928","WICHITA DWIGHT D. EISENHOWER NATIONAL AIRPORT, KS US","2020-08-12","0.03",,"0.0","0.0","77","89","70",
"USW00003928","WICHITA DWIGHT D. EISENHOWER NATIONAL AIRPORT, KS US","2020-08-13","0.00",,"0.0","0.0","82","92","72",
"USW00003928","WICHITA DWIGHT D. EISENHOWER NATIONAL AIRPORT, KS US","2020-08-14","0.00",,"0.0","0.0","82","93","74",
"USW00003928","WICHITA DWIGHT D. EISENHOWER NATIONAL AIRPORT, KS US","2020-08-15","0.00",,"0.0","0.0","85","98","75",
"USW00003928","WICHITA DWIGHT D. EISENHOWER NATIONAL AIRPORT, KS US","2020-08-16","0.00",,"0.0","0.0","79","87","70",
"USW00003928","WICHITA DWIGHT D. EISENHOWER NATIONAL AIRPORT, KS US","2020-08-17","0.00",,"0.0","0.0","80","95","68",
"USW00003928","WICHITA DWIGHT D. EISENHOWER NATIONAL AIRPORT, KS US","2020-08-18","0.00",,"0.0","0.0","77","90","60",
"USW00003928","WICHITA DWIGHT D. EISENHOWER NATIONAL AIRPORT, KS US","2020-08-19","0.00",,"0.0","0.0","74","87","61",
"USW00003928","WICHITA DWIGHT D. EISENHOWER NATIONAL AIRPORT, KS US","2020-08-20","0.00",,"0.0","0.0","75","89","61",
"USW00003928","WICHITA DWIGHT D. EISENHOWER NATIONAL AIRPORT, KS US","2020-08-21","0.00",,"0.0","0.0","74","84","63",
"USW00003928","WICHITA DWIGHT D. EISENHOWER NATIONAL AIRPORT, KS US","2020-08-22","0.00",,"0.0","0.0","76","93","61",
"USW00003928","WICHITA DWIGHT D. EISENHOWER NATIONAL AIRPORT, KS US","2020-08-23","0.00",,"0.0","0.0","78","95","61",
"USW00003928","WICHITA DWIGHT D. EISENHOWER NATIONAL AIRPORT, KS US","2020-08-24","0.00",,"0.0","0.0","80","96","62",
"USW00003928","WICHITA DWIGHT D. EISENHOWER NATIONAL AIRPORT, KS US","2020-08-25","0.00",,"0.0","0.0","80","95","65",
"USW00003928","WICHITA DWIGHT D. EISENHOWER NATIONAL AIRPORT, KS US","2020-08-26","0.00",,"0.0","0.0","80","95","65",
"USW00003928","WICHITA DWIGHT D. EISENHOWER NATIONAL AIRPORT, KS US","2020-08-27","0.00",,"0.0","0.0","78","93","65",
"USW00003928","WICHITA DWIGHT D. EISENHOWER NATIONAL AIRPORT, KS US","2020-08-28","0.00",,"0.0","0.0","83","99","67",
"USW00003928","WICHITA DWIGHT D. EISENHOWER NATIONAL AIRPORT, KS US","2020-08-29","0.25",,"0.0","0.0","78","82","69",
"USW00003928","WICHITA DWIGHT D. EISENHOWER NATIONAL AIRPORT, KS US","2020-08-30","0.00",,"0.0","0.0","74","87","66",
"USW00003928","WICHITA DWIGHT D. EISENHOWER NATIONAL AIRPORT, KS US","2020-08-31","0.00",,"0.0","0.0","76","83","68",
"USW00003928","WICHITA DWIGHT D. EISENHOWER NATIONAL AIRPORT, KS US","2020-09-01","0.07",,"0.0","0.0","75","86","70",
"USW00003928","WICHITA DWIGHT D. EISENHOWER NATIONAL AIRPORT, KS US","2020-09-02","0.00",,"0.0","0.0","75","84","66",
"USW00003928","WICHITA DWIGHT D. EISENHOWER NATIONAL AIRPORT, KS US","2020-09-03","0.00",,"0.0","0.0","75","94","63",
"USW00003928","WICHITA DWIGHT D. EISENHOWER NATIONAL AIRPORT, KS US","2020-09-04","0.00",,"0.0","0.0","77","90","65",
"USW00003928","WICHITA DWIGHT D. EISENHOWER NATIONAL AIRPORT, KS US","2020-09-05","0.00",,"0.0","0.0","80","93","67",
"USW00003928","WICHITA DWIGHT D. EISENHOWER NATIONAL AIRPORT, KS US","2020-09-06","0.00",,"0.0","0.0","82","97","71",
"USW00003928","WICHITA DWIGHT D. EISENHOWER NATIONAL AIRPORT, KS US","2020-09-07","0.00",,"0.0","0.0","82","98","69",
"USW00003928","WICHITA DWIGHT D. EISENHOWER NATIONAL AIRPORT, KS US","2020-09-08","0.02",,"0.0","0.0","69","74","47",
"USW00003928","WICHITA DWIGHT D. EISENHOWER NATIONAL AIRPORT, KS US","2020-09-09","1.28",,"0.0","0.0","49","50","47",
"USW00003928","WICHITA DWIGHT D. EISENHOWER NATIONAL AIRPORT, KS US","2020-09-10","0.16",,"0.0","0.0","51","58","47",
"USW00003928","WICHITA DWIGHT D. EISENHOWER NATIONAL AIRPORT, KS US","2020-09-11","0.02",,"0.0","0.0","56","64","53",
"USW00003928","WICHITA DWIGHT D. EISENHOWER NATIONAL AIRPORT, KS US","2020-09-12","0.00",,"0.0","0.0","63","80","53",
"USW00003928","WICHITA DWIGHT D. EISENHOWER NATIONAL AIRPORT, KS US","2020-09-13","0.00",,"0.0","0.0","69","82","55",
"USW00003928","WICHITA DWIGHT D. EISENHOWER NATIONAL AIRPORT, KS US","2020-09-14","0.00",,"0.0","0.0","68","78","56",
"USW00003928","WICHITA DWIGHT D. EISENHOWER NATIONAL AIRPORT, KS US","2020-09-15","0.00",,"0.0","0.0","68","81","56",
"USW00003928","WICHITA DWIGHT D. EISENHOWER NATIONAL AIRPORT, KS US","2020-09-16","0.00",,"0.0","0.0","71","83","62",
"USW00003928","WICHITA DWIGHT D. EISENHOWER NATIONAL AIRPORT, KS US","2020-09-17","0.00",,"0.0","0.0","70","80","58",
"USW00003928","WICHITA DWIGHT D. EISENHOWER NATIONAL AIRPORT, KS US","2020-09-18","0.00",,"0.0","0.0","65","77","54",
"USW00003928","WICHITA DWIGHT D. EISENHOWER NATIONAL AIRPORT, KS US","2020-09-19","0.00",,"0.0","0.0","65","79","56",
"USW00003928","WICHITA DWIGHT D. EISENHOWER NATIONAL AIRPORT, KS US","2020-09-20","0.00",,"0.0","0.0","65","77","52",
"USW00003928","WICHITA DWIGHT D. EISENHOWER NATIONAL AIRPORT, KS US","2020-09-21","0.00",,"0.0","0.0","66","80","56",
"USW00003928","WICHITA DWIGHT D. EISENHOWER NATIONAL AIRPORT, KS US","2020-09-22","0.00",,"0.0","0.0","65","73","59",
"USW00003928","WICHITA DWIGHT D. EISENHOWER NATIONAL AIRPORT, KS US","2020-09-23","0.00",,"0.0","0.0","68","78","58",
"USW00003928","WICHITA DWIGHT D. EISENHOWER NATIONAL AIRPORT, KS US","2020-09-24","0.00",,"0.0","0.0","68","86","53",
"USW00003928","WICHITA DWIGHT D. EISENHOWER NATIONAL AIRPORT, KS US","2020-09-25","0.00",,"0.0","0.0","74","93","62",
"USW00003928","WICHITA DWIGHT D. EISENHOWER NATIONAL AIRPORT, KS US","2020-09-26","0.00",,"0.0","0.0","76","94","63",
"USW00003928","WICHITA DWIGHT D. EISENHOWER NATIONAL AIRPORT, KS US","2020-09-27","0.03",,"0.0","0.0","69","73","52",
"USW00003928","WICHITA DWIGHT D. EISENHOWER NATIONAL AIRPORT, KS US","2020-09-28","0.00",,"0.0","0.0","58","72","45",
"USW00003928","WICHITA DWIGHT D. EISENHOWER NATIONAL AIRPORT, KS US","2020-09-29","0.00",,"0.0","0.0","59","80","41",
"USW00003928","WICHITA DWIGHT D. EISENHOWER NATIONAL AIRPORT, KS US","2020-09-30","0.00",,,,"64","84","46",
"USW00003928","WICHITA DWIGHT D. EISENHOWER NATIONAL AIRPORT, KS US","2020-10-01","0.00",,"0.0","0.0","59","68","41",
"USW00003928","WICHITA DWIGHT D. EISENHOWER NATIONAL AIRPORT, KS US","2020-10-02","0.00",,"0.0","0.0","54","74","38",
"USW00003928","WICHITA DWIGHT D. EISENHOWER NATIONAL AIRPORT, KS US","2020-10-03","0.00",,"0.0","0.0","58","72","49",
"USW00003928","WICHITA DWIGHT D. EISENHOWER NATIONAL AIRPORT, KS US","2020-10-04","0.00",,"0.0","0.0","55","71","36",
"USW00003928","WICHITA DWIGHT D. EISENHOWER NATIONAL AIRPORT, KS US","2020-10-05","0.00",,"0.0","0.0","61","81","45",
"USW00003928","WICHITA DWIGHT D. EISENHOWER NATIONAL AIRPORT, KS US","2020-10-06","0.00",,"0.0","0.0","65","87","48",
"USW00003928","WICHITA DWIGHT D. EISENHOWER NATIONAL AIRPORT, KS US","2020-10-07","0.00",,"0.0","0.0","68","92","51",
"USW00003928","WICHITA DWIGHT D. EISENHOWER NATIONAL AIRPORT, KS US","2020-10-08","0.00",,"0.0","0.0","72","89","58",
"USW00003928","WICHITA DWIGHT D. EISENHOWER NATIONAL AIRPORT, KS US","2020-10-09","0.00",,"0.0","0.0","71","85","58",
"USW00003928","WICHITA DWIGHT D. EISENHOWER NATIONAL AIRPORT, KS US","2020-10-10","0.00",,"0.0","0.0","69","83","60",
"USW00003928","WICHITA DWIGHT D. EISENHOWER NATIONAL AIRPORT, KS US","2020-10-11","0.00",,"0.0","0.0","72","89","59",
"USW00003928","WICHITA DWIGHT D. EISENHOWER NATIONAL AIRPORT, KS US","2020-10-12","0.00",,"0.0","0.0","66","74","48",
"USW00003928","WICHITA DWIGHT D. EISENHOWER NATIONAL AIRPORT, KS US","2020-10-13","0.00",,"0.0","0.0","60","82","43",
"USW00003928","WICHITA DWIGHT D. EISENHOWER NATIONAL AIRPORT, KS US","2020-10-14","0.00",,"0.0","0.0","66","87","52",
"USW00003928","WICHITA DWIGHT D. EISENHOWER NATIONAL AIRPORT, KS US","2020-10-15","0.00",,"0.0","0.0","62","64","46",
"USW00003928","WICHITA DWIGHT D. EISENHOWER NATIONAL AIRPORT, KS US","2020-10-16","0.00",,"0.0","0.0","52","66","41",
"USW00003928","WICHITA DWIGHT D. EISENHOWER NATIONAL AIRPORT, KS US","2020-10-17","0.00",,"0.0","0.0","59","73","50",
"USW00003928","WICHITA DWIGHT D. EISENHOWER NATIONAL AIRPORT, KS US","2020-10-18","0.00",,"0.0","0.0","51","57","43",
"USW00003928","WICHITA DWIGHT D. EISENHOWER NATIONAL AIRPORT, KS US","2020-10-19","0.00",,"0.0","0.0","46","50","43",
"USW00003928","WICHITA DWIGHT D. EISENHOWER NATIONAL AIRPORT, KS US","2020-10-20","0.01",,"0.0","0.0","46","50","43",
"USW00003928","WICHITA DWIGHT D. EISENHOWER NATIONAL AIRPORT, KS US","2020-10-21","0.05",,"0.0","0.0","51","60","47",
"USW00003928","WICHITA DWIGHT D. EISENHOWER NATIONAL AIRPORT, KS US","2020-10-22","0.00",,"0.0","0.0","69","87","43",
"USW00003928","WICHITA DWIGHT D. EISENHOWER NATIONAL AIRPORT, KS US","2020-10-23","0.01",,"0.0","0.0","44","48","37",
"USW00003928","WICHITA DWIGHT D. EISENHOWER NATIONAL AIRPORT, KS US","2020-10-24","0.00",,"0.0","0.0","38","42","35",
"USW00003928","WICHITA DWIGHT D. EISENHOWER NATIONAL AIRPORT, KS US","2020-10-25","0.00",,"0.0","0.0","39","40","30",
"USW00003928","WICHITA DWIGHT D. EISENHOWER NATIONAL AIRPORT, KS US","2020-10-26","0.26",,"1.3","1.2","28","30","24",
"USW00003928","WICHITA DWIGHT D. EISENHOWER NATIONAL AIRPORT, KS US","2020-10-27","0.34",,"0.3","1.0","28","32","27",
"USW00003928","WICHITA DWIGHT D. EISENHOWER NATIONAL AIRPORT, KS US","2020-10-28","1.18",,"0.0","0.0","34","42","32",
"USW00003928","WICHITA DWIGHT D. EISENHOWER NATIONAL AIRPORT, KS US","2020-10-29","0.21",,"0.0","0.0","44","54","33",
"USW00003928","WICHITA DWIGHT D. EISENHOWER NATIONAL AIRPORT, KS US","2020-10-30","0.00",,"0.0","0.0","45","67","32",
"USW00003928","WICHITA DWIGHT D. EISENHOWER NATIONAL AIRPORT, KS US","2020-10-31","0.00",,"0.0","0.0","53","68","42",
"USW00003928","WICHITA DWIGHT D. EISENHOWER NATIONAL AIRPORT, KS US","2020-11-01","0.00",,"0.0","0.0","50","59","36",
"USW00003928","WICHITA DWIGHT D. EISENHOWER NATIONAL AIRPORT, KS US","2020-11-02","0.00",,"0.0","0.0","48","69","32",
"USW00003928","WICHITA DWIGHT D. EISENHOWER NATIONAL AIRPORT, KS US","2020-11-03","0.00",,"0.0","0.0","54","75","41",
"USW00003928","WICHITA DWIGHT D. EISENHOWER NATIONAL AIRPORT, KS US","2020-11-04","0.00",,"0.0","0.0","58","72","49",
"USW00003928","WICHITA DWIGHT D. EISENHOWER NATIONAL AIRPORT, KS US","2020-11-05","0.00",,"0.0","0.0","58","73","46",
"USW00003928","WICHITA DWIGHT D. EISENHOWER NATIONAL AIRPORT, KS US","2020-11-06","0.00",,"0.0","0.0","55","73","41",
"USW00003928","WICHITA DWIGHT D. EISENHOWER NATIONAL AIRPORT, KS US","2020-11-07","0.00",,"0.0",,"63","75","53",
"USW00003928","WICHITA DWIGHT D. EISENHOWER NATIONAL AIRPORT, KS US","2020-11-08","0.00",,"0.0",,"63","74","56",
"USW00003928","WICHITA DWIGHT D. EISENHOWER NATIONAL AIRPORT, KS US","2020-11-09","0.00",,"0.0",,"65","69","63",
"USW00003928","WICHITA DWIGHT D. EISENHOWER NATIONAL AIRPORT, KS US","2020-11-10","0.15",,,,"49","64","29",
"USW00003928","WICHITA DWIGHT D. EISENHOWER NATIONAL AIRPORT, KS US","2020-11-11","0.00",,"0.0",,"40","57","28",
"USW00003928","WICHITA DWIGHT D. EISENHOWER NATIONAL AIRPORT, KS US","2020-11-12","0.00",,"0.0","0.0","42","59","32",
"USW00003928","WICHITA DWIGHT D. EISENHOWER NATIONAL AIRPORT, KS US","2020-11-13","0.00",,"0.0","0.0",,"47","24",
"USW00003928","WICHITA DWIGHT D. EISENHOWER NATIONAL AIRPORT, KS US","2020-11-14","0.00",,"0.0","0.0",,"76","47",
"USW00003928","WICHITA DWIGHT D. EISENHOWER NATIONAL AIRPORT, KS US","2020-11-15","0.00",,"0.0","0.0",,"59","33",
"USW00003928","WICHITA DWIGHT D. EISENHOWER NATIONAL AIRPORT, KS US","2020-11-16","0.00",,"0.0",,,"71","29",
"USW00003928","WICHITA DWIGHT D. EISENHOWER NATIONAL AIRPORT, KS US","2020-11-17","0.00",,"0.0",,,"68","30",
"USW00003928","WICHITA DWIGHT D. EISENHOWER NATIONAL AIRPORT, KS US","2020-11-18","0.00",,"0.0","0.0","56","70","46",
"USW00003928","WICHITA DWIGHT D. EISENHOWER NATIONAL AIRPORT, KS US","2020-11-19","0.00",,"0.0","0.0","63","75","53",
"USW00003928","WICHITA DWIGHT D. EISENHOWER NATIONAL AIRPORT, KS US","2020-11-20","0.00",,"0.0","0.0","56","60","47",
"USW00003928","WICHITA DWIGHT D. EISENHOWER NATIONAL AIRPORT, KS US","2020-11-21","0.28",,"0.0","0.0","51","55","42",
"USW00003928","WICHITA DWIGHT D. EISENHOWER NATIONAL AIRPORT, KS US","2020-11-22","0.00",,"0.0","0.0","45","56","29",
"USW00003928","WICHITA DWIGHT D. EISENHOWER NATIONAL AIRPORT, KS US","2020-11-23","0.00",,"0.0","0.0","39","51","28",
"USW00003928","WICHITA DWIGHT D. EISENHOWER NATIONAL AIRPORT, KS US","2020-11-24","0.30",,"0.0","0.0","51","54","40",
"USW00003928","WICHITA DWIGHT D. EISENHOWER NATIONAL AIRPORT, KS US","2020-11-25","0.00",,"0.0","0.0","42","49","30",
"USW00003928","WICHITA DWIGHT D. EISENHOWER NATIONAL AIRPORT, KS US","2020-11-26","0.00",,"0.0","0.0","42","60","29",
"USW00003928","WICHITA DWIGHT D. EISENHOWER NATIONAL AIRPORT, KS US","2020-11-27","0.00",,"0.0","0.0","44","55","27",
"USW00003928","WICHITA DWIGHT D. EISENHOWER NATIONAL AIRPORT, KS US","2020-11-28","0.00",,"0.0","0.0","38","53","25",
"USW00003928","WICHITA DWIGHT D. EISENHOWER NATIONAL AIRPORT, KS US","2020-11-29","0.02",,"0.0","0.0","42","48","31",
"USW00003928","WICHITA DWIGHT D. EISENHOWER NATIONAL AIRPORT, KS US","2020-11-30","0.00",,"0.0","0.0","33","45","21",
"USW00003928","WICHITA DWIGHT D. EISENHOWER NATIONAL AIRPORT, KS US","2020-12-01","0.00",,"0.0","0.0","35","51","25",
"USW00003928","WICHITA DWIGHT D. EISENHOWER NATIONAL AIRPORT, KS US","2020-12-02","0.38",,"0.0","0.0","37","46","28",
"USW00003928","WICHITA DWIGHT D. EISENHOWER NATIONAL AIRPORT, KS US","2020-12-03","0.10",,"1.3","1.0","35","41","26",
"USW00003928","WICHITA DWIGHT D. EISENHOWER NATIONAL AIRPORT, KS US","2020-12-04","0.00",,"0.0",,"33","54","22",
"USW00003928","WICHITA DWIGHT D. EISENHOWER NATIONAL AIRPORT, KS US","2020-12-05",,,,,"40",,,
"USW00003928","WICHITA DWIGHT D. EISENHOWER NATIONAL AIRPORT, KS US","2020-12-06",,,,,"39",,,
